<HacknetExtension>
  <!-- Max name length is 128 characters -->
	<Name>Blank Extension</Name>
	<AllowSaves>true</AllowSaves>

  <!-- Description that appears within Hacknet -->
  <Description> --- Blank Extension ---
Edit this with your own extension info and start building!</Description>
  
  
  <StartsWithTutorial>False</StartsWithTutorial>
  
  <!-- this makes the extension start with the standard restart bootup sequence -->
  <HasIntroStartup>false</HasIntroStartup>
</HacknetExtension>