<?xml version = "1.0" encoding = "UTF-8" ?>
<mission id="startingMission">
  <goals>
    <!-- Goals here -->
  </goals>
  <!-- 
  Add your mission start and end items here
  missionStart val="0">loadConditionalActions:Actions/TestActions.xml</missionStart>
  missionEnd val="1">addRank</missionEnd> 
  -->
  <nextMission>NONE</nextMission>
  <!-- 
  <posting title="startingMission">This would be the post on a message board if it was on them.</posting>
  -->
  <email>
    <sender>SENDER NAME HERE</sender>
    <subject>This is an example email for Blank Extension</subject>
    <body>You should add the body of the email here.
Multiple lines etc.
</body>
    <attachments>
      <!-- Add attachments like links and notes here -->
    </attachments>
  </email>
</mission>